OrderID,Date,Customer,Product,Category,Quantity,Price
1001,17-02-2023,Rohit Gupta,Chair,Furniture,2,1999
1002,04-03-2023,Amit Sharma,Marker,Stationery,4,35
1003,31-08-2023,Rahul Mehta,Headphones,Electronics,2,1299
1004,27-08-2023,Rohit Gupta,Desk,Furniture,4,3499
1005,22-12-2023,Rahul Mehta,Headphones,Electronics,4,1299
1006,12-04-2023,Rahul Mehta,Marker,Stationery,1,35
1007,05-04-2023,Amit Sharma,Notebook,Stationery,3,99
1008,23-04-2023,Amit Sharma,Marker,Stationery,1,35
1009,09-07-2023,Amit Sharma,Chair,Furniture,3,1999
1010,09-05-2023,Amit Sharma,Smartphone,Electronics,1,15999
1011,04-01-2023,Priya Singh,Mouse,Electronics,5,499
1012,30-07-2023,Rohit Gupta,Smartphone,Electronics,5,15999
1013,14-08-2023,Rohit Gupta,Laptop,Electronics,2,45999
1014,29-05-2023,Rohit Gupta,Notebook,Stationery,2,99
1015,25-11-2023,Priya Singh,Marker,Stationery,3,35
1016,04-03-2023,Priya Singh,Marker,Stationery,4,35
1017,05-09-2023,Neha Verma,Headphones,Electronics,5,1299
1018,16-03-2023,Amit Sharma,Laptop,Electronics,3,45999
1019,16-10-2023,Rahul Mehta,Printer,Electronics,2,8999
1020,17-01-2023,Amit Sharma,Desk,Furniture,1,3499
1021,18-11-2023,Amit Sharma,Chair,Furniture,5,1999
1022,11-10-2023,Priya Singh,Smartphone,Electronics,2,15999
1023,20-04-2023,Neha Verma,Desk,Furniture,3,3499
1024,02-08-2023,Amit Sharma,Pen,Stationery,5,20
1025,20-09-2023,Neha Verma,Notebook,Stationery,3,99
1026,15-05-2023,Rohit Gupta,Notebook,Stationery,5,99
1027,23-10-2023,Rahul Mehta,Desk,Furniture,2,3499
1028,21-12-2023,Anjali Chauhan,Laptop,Electronics,1,45999
1029,21-05-2023,Rahul Mehta,Laptop,Electronics,5,45999
1030,31-08-2023,Neha Verma,Laptop,Electronics,3,45999
1031,02-07-2023,Rohit Gupta,Pen,Stationery,1,20
1032,01-10-2023,Rohit Gupta,Mouse,Electronics,2,499
1033,23-05-2023,Priya Singh,Headphones,Electronics,4,1299
1034,15-09-2023,Rahul Mehta,Notebook,Stationery,4,99
1035,26-08-2023,Priya Singh,Smartphone,Electronics,4,15999
1036,14-12-2023,Amit Sharma,Notebook,Stationery,3,99
1037,03-06-2023,Neha Verma,Notebook,Stationery,1,99
1038,27-01-2023,Neha Verma,Marker,Stationery,1,35
1039,16-03-2023,Amit Sharma,Printer,Electronics,5,8999
1040,10-07-2023,Anjali Chauhan,Chair,Furniture,4,1999
1041,27-01-2023,Anjali Chauhan,Notebook,Stationery,5,99
1042,09-06-2023,Rohit Gupta,Marker,Stationery,2,35
1043,05-05-2023,Amit Sharma,Desk,Furniture,2,3499
1044,21-10-2023,Anjali Chauhan,Desk,Furniture,4,3499
1045,30-08-2023,Rohit Gupta,Chair,Furniture,4,1999
1046,20-07-2023,Neha Verma,Printer,Electronics,3,8999
1047,02-05-2023,Rahul Mehta,Marker,Stationery,5,35
1048,17-04-2023,Rahul Mehta,Smartphone,Electronics,3,15999
1049,02-05-2023,Priya Singh,Desk,Furniture,4,3499
1050,25-04-2023,Rahul Mehta,Desk,Furniture,4,3499
1051,07-03-2023,Anjali Chauhan,Laptop,Electronics,1,45999
1052,30-04-2023,Amit Sharma,Mouse,Electronics,4,499
1053,14-08-2023,Priya Singh,Notebook,Stationery,3,99
1054,20-03-2023,Rohit Gupta,Laptop,Electronics,1,45999
1055,05-10-2023,Neha Verma,Mouse,Electronics,4,499
1056,30-11-2023,Neha Verma,Desk,Furniture,4,3499
1057,14-11-2023,Priya Singh,Pen,Stationery,1,20
1058,14-01-2023,Neha Verma,Printer,Electronics,5,8999
1059,08-09-2023,Rohit Gupta,Printer,Electronics,1,8999
1060,22-01-2023,Neha Verma,Desk,Furniture,2,3499
1061,22-11-2023,Rohit Gupta,Notebook,Stationery,5,99
1062,07-11-2023,Neha Verma,Pen,Stationery,1,20
1063,20-06-2023,Priya Singh,Smartphone,Electronics,3,15999
1064,31-12-2023,Neha Verma,Notebook,Stationery,4,99
1065,27-05-2023,Amit Sharma,Pen,Stationery,3,20
1066,17-04-2023,Priya Singh,Desk,Furniture,3,3499
1067,22-06-2023,Rahul Mehta,Desk,Furniture,3,3499
1068,06-02-2023,Priya Singh,Laptop,Electronics,2,45999
1069,04-12-2023,Neha Verma,Printer,Electronics,3,8999
1070,11-11-2023,Priya Singh,Laptop,Electronics,5,45999
1071,03-10-2023,Neha Verma,Smartphone,Electronics,4,15999
1072,14-08-2023,Amit Sharma,Desk,Furniture,3,3499
1073,03-06-2023,Priya Singh,Chair,Furniture,4,1999
1074,30-09-2023,Amit Sharma,Smartphone,Electronics,2,15999
1075,10-09-2023,Rohit Gupta,Headphones,Electronics,5,1299
1076,13-06-2023,Rohit Gupta,Laptop,Electronics,3,45999
1077,29-12-2023,Amit Sharma,Pen,Stationery,1,20
1078,29-07-2023,Anjali Chauhan,Marker,Stationery,1,35
1079,13-03-2023,Neha Verma,Headphones,Electronics,3,1299
1080,11-08-2023,Priya Singh,Smartphone,Electronics,4,15999
1081,23-12-2023,Rahul Mehta,Desk,Furniture,3,3499
1082,20-01-2023,Rahul Mehta,Printer,Electronics,5,8999
1083,30-03-2023,Amit Sharma,Laptop,Electronics,2,45999
1084,30-12-2023,Rohit Gupta,Chair,Furniture,5,1999
1085,09-03-2023,Amit Sharma,Headphones,Electronics,3,1299
1086,21-11-2023,Rohit Gupta,Headphones,Electronics,4,1299
1087,07-09-2023,Anjali Chauhan,Desk,Furniture,4,3499
1088,08-01-2023,Rahul Mehta,Notebook,Stationery,2,99
1089,18-05-2023,Neha Verma,Headphones,Electronics,3,1299
1090,19-10-2023,Priya Singh,Printer,Electronics,4,8999
1091,08-03-2023,Priya Singh,Smartphone,Electronics,3,15999
1092,23-05-2023,Priya Singh,Laptop,Electronics,5,45999
1093,03-10-2023,Amit Sharma,Desk,Furniture,5,3499
1094,29-08-2023,Rohit Gupta,Marker,Stationery,4,35
1095,23-05-2023,Neha Verma,Chair,Furniture,1,1999
1096,22-12-2023,Rohit Gupta,Mouse,Electronics,3,499
1097,28-07-2023,Anjali Chauhan,Printer,Electronics,4,8999
1098,11-06-2023,Amit Sharma,Marker,Stationery,1,35
1099,19-12-2023,Rahul Mehta,Marker,Stationery,3,35
1100,08-03-2023,Priya Singh,Notebook,Stationery,2,99
1101,18-05-2023,Rahul Mehta,Smartphone,Electronics,5,15999
1102,05-03-2023,Rohit Gupta,Pen,Stationery,4,20
1103,08-12-2023,Rahul Mehta,Laptop,Electronics,5,45999
1104,29-06-2023,Rohit Gupta,Printer,Electronics,1,8999
1105,01-11-2023,Neha Verma,Desk,Furniture,2,3499
1106,07-10-2023,Priya Singh,Chair,Furniture,4,1999
1107,10-01-2023,Rahul Mehta,Notebook,Stationery,1,99
1108,08-03-2023,Neha Verma,Marker,Stationery,3,35
1109,25-02-2023,Anjali Chauhan,Printer,Electronics,1,8999
1110,17-05-2023,Rohit Gupta,Mouse,Electronics,1,499
1111,22-09-2023,Rahul Mehta,Printer,Electronics,5,8999
1112,22-06-2023,Amit Sharma,Notebook,Stationery,4,99
1113,11-10-2023,Rohit Gupta,Notebook,Stationery,2,99
1114,16-11-2023,Rohit Gupta,Marker,Stationery,2,35
1115,07-10-2023,Priya Singh,Mouse,Electronics,1,499
1116,04-11-2023,Priya Singh,Smartphone,Electronics,4,15999
1117,16-10-2023,Anjali Chauhan,Marker,Stationery,2,35
1118,27-06-2023,Rahul Mehta,Marker,Stationery,5,35
1119,25-03-2023,Neha Verma,Pen,Stationery,4,20
1120,27-04-2023,Rohit Gupta,Marker,Stationery,5,35
1121,21-05-2023,Neha Verma,Pen,Stationery,5,20
1122,29-11-2023,Amit Sharma,Desk,Furniture,3,3499
1123,26-06-2023,Neha Verma,Notebook,Stationery,3,99
1124,05-06-2023,Priya Singh,Desk,Furniture,1,3499
1125,10-08-2023,Amit Sharma,Laptop,Electronics,3,45999
1126,21-02-2023,Neha Verma,Laptop,Electronics,5,45999
1127,10-07-2023,Neha Verma,Pen,Stationery,4,20
1128,18-10-2023,Amit Sharma,Headphones,Electronics,1,1299
1129,05-12-2023,Rahul Mehta,Marker,Stationery,4,35
1130,01-06-2023,Neha Verma,Mouse,Electronics,2,499
1131,25-08-2023,Priya Singh,Marker,Stationery,3,35
1132,17-08-2023,Neha Verma,Desk,Furniture,2,3499
1133,13-12-2023,Rohit Gupta,Notebook,Stationery,3,99
1134,11-07-2023,Amit Sharma,Smartphone,Electronics,3,15999
1135,22-11-2023,Rahul Mehta,Headphones,Electronics,5,1299
1136,12-01-2023,Rohit Gupta,Desk,Furniture,5,3499
1137,02-01-2023,Priya Singh,Laptop,Electronics,3,45999
1138,04-12-2023,Amit Sharma,Laptop,Electronics,1,45999
1139,16-11-2023,Priya Singh,Chair,Furniture,3,1999
1140,24-06-2023,Rohit Gupta,Printer,Electronics,5,8999
1141,18-03-2023,Rahul Mehta,Pen,Stationery,4,20
1142,09-02-2023,Rohit Gupta,Smartphone,Electronics,3,15999
1143,03-11-2023,Neha Verma,Printer,Electronics,4,8999
1144,27-10-2023,Neha Verma,Smartphone,Electronics,4,15999
1145,05-05-2023,Priya Singh,Smartphone,Electronics,4,15999
1146,16-04-2023,Rohit Gupta,Notebook,Stationery,1,99
1147,08-10-2023,Anjali Chauhan,Smartphone,Electronics,4,15999
1148,22-09-2023,Priya Singh,Desk,Furniture,1,3499
1149,24-06-2023,Rohit Gupta,Marker,Stationery,4,35
1150,16-12-2023,Rohit Gupta,Smartphone,Electronics,5,15999
1151,08-10-2023,Priya Singh,Pen,Stationery,4,20
1152,07-06-2023,Amit Sharma,Notebook,Stationery,2,99
1153,31-10-2023,Amit Sharma,Laptop,Electronics,2,45999
1154,05-01-2023,Rohit Gupta,Marker,Stationery,5,35
1155,06-05-2023,Priya Singh,Smartphone,Electronics,5,15999
1156,01-02-2023,Rahul Mehta,Pen,Stationery,3,20
1157,18-01-2023,Neha Verma,Laptop,Electronics,4,45999
1158,08-05-2023,Anjali Chauhan,Chair,Furniture,1,1999
1159,11-08-2023,Neha Verma,Marker,Stationery,2,35
1160,25-07-2023,Rahul Mehta,Smartphone,Electronics,1,15999
1161,09-10-2023,Priya Singh,Chair,Furniture,5,1999
1162,31-05-2023,Neha Verma,Headphones,Electronics,1,1299
1163,24-07-2023,Amit Sharma,Mouse,Electronics,4,499
1164,19-03-2023,Priya Singh,Smartphone,Electronics,1,15999
1165,05-11-2023,Rohit Gupta,Smartphone,Electronics,3,15999
1166,09-04-2023,Neha Verma,Notebook,Stationery,5,99
1167,05-12-2023,Anjali Chauhan,Marker,Stationery,1,35
1168,23-06-2023,Amit Sharma,Notebook,Stationery,4,99
1169,23-02-2023,Rahul Mehta,Chair,Furniture,1,1999
1170,12-04-2023,Rahul Mehta,Smartphone,Electronics,3,15999
1171,09-07-2023,Rohit Gupta,Notebook,Stationery,3,99
1172,09-07-2023,Neha Verma,Marker,Stationery,3,35
1173,18-12-2023,Neha Verma,Mouse,Electronics,3,499
1174,26-05-2023,Priya Singh,Marker,Stationery,2,35
1175,10-04-2023,Amit Sharma,Chair,Furniture,5,1999
1176,17-03-2023,Anjali Chauhan,Mouse,Electronics,2,499
1177,30-07-2023,Rohit Gupta,Notebook,Stationery,4,99
1178,30-08-2023,Rohit Gupta,Laptop,Electronics,3,45999
1179,18-06-2023,Rohit Gupta,Desk,Furniture,5,3499
1180,09-05-2023,Rahul Mehta,Mouse,Electronics,5,499
1181,10-03-2023,Priya Singh,Laptop,Electronics,1,45999
1182,13-10-2023,Anjali Chauhan,Smartphone,Electronics,4,15999
1183,02-10-2023,Rahul Mehta,Laptop,Electronics,5,45999
1184,05-09-2023,Amit Sharma,Pen,Stationery,5,20
1185,16-01-2023,Amit Sharma,Chair,Furniture,3,1999
1186,26-12-2023,Rohit Gupta,Notebook,Stationery,1,99
1187,15-01-2023,Neha Verma,Mouse,Electronics,3,499
1188,06-05-2023,Rahul Mehta,Desk,Furniture,4,3499
1189,19-09-2023,Rohit Gupta,Marker,Stationery,3,35
1190,28-10-2023,Rohit Gupta,Laptop,Electronics,2,45999
1191,31-08-2023,Rahul Mehta,Notebook,Stationery,2,99
1192,19-02-2023,Amit Sharma,Notebook,Stationery,5,99
1193,10-10-2023,Rahul Mehta,Laptop,Electronics,5,45999
1194,22-04-2023,Amit Sharma,Pen,Stationery,1,20
1195,16-09-2023,Amit Sharma,Notebook,Stationery,3,99
1196,11-09-2023,Priya Singh,Mouse,Electronics,2,499
1197,26-12-2023,Rahul Mehta,Desk,Furniture,4,3499
1198,21-01-2023,Neha Verma,Notebook,Stationery,4,99
1199,25-07-2023,Amit Sharma,Printer,Electronics,2,8999
1200,20-02-2023,Neha Verma,Headphones,Electronics,4,1299
1201,17-09-2023,Priya Singh,Marker,Stationery,5,35
1202,05-10-2023,Anjali Chauhan,Chair,Furniture,2,1999
1203,23-08-2023,Rahul Mehta,Laptop,Electronics,2,45999
1204,19-05-2023,Rohit Gupta,Smartphone,Electronics,4,15999
1205,17-07-2023,Anjali Chauhan,Pen,Stationery,4,20
1206,19-03-2023,Rahul Mehta,Pen,Stationery,5,20
1207,15-04-2023,Amit Sharma,Smartphone,Electronics,5,15999
1208,08-03-2023,Neha Verma,Printer,Electronics,2,8999
1209,05-07-2023,Amit Sharma,Mouse,Electronics,2,499
1210,14-05-2023,Priya Singh,Mouse,Electronics,3,499
1211,09-10-2023,Amit Sharma,Desk,Furniture,5,3499
1212,30-10-2023,Rahul Mehta,Laptop,Electronics,3,45999
1213,26-10-2023,Anjali Chauhan,Printer,Electronics,5,8999
1214,23-08-2023,Priya Singh,Smartphone,Electronics,4,15999
1215,16-06-2023,Rohit Gupta,Notebook,Stationery,1,99
1216,06-09-2023,Rahul Mehta,Notebook,Stationery,5,99
1217,27-01-2023,Rahul Mehta,Mouse,Electronics,2,499
1218,08-08-2023,Rohit Gupta,Marker,Stationery,4,35
1219,05-07-2023,Rahul Mehta,Marker,Stationery,4,35
1220,08-09-2023,Rohit Gupta,Pen,Stationery,2,20
1221,22-01-2023,Neha Verma,Notebook,Stationery,4,99
1222,23-10-2023,Amit Sharma,Pen,Stationery,4,20
1223,09-05-2023,Rahul Mehta,Smartphone,Electronics,1,15999
1224,29-11-2023,Priya Singh,Headphones,Electronics,4,1299
1225,18-08-2023,Rahul Mehta,Chair,Furniture,5,1999
1226,18-10-2023,Priya Singh,Printer,Electronics,2,8999
1227,03-02-2023,Neha Verma,Notebook,Stationery,1,99
1228,23-11-2023,Priya Singh,Desk,Furniture,5,3499
1229,12-12-2023,Anjali Chauhan,Notebook,Stationery,2,99
1230,23-09-2023,Rahul Mehta,Mouse,Electronics,1,499
1231,12-08-2023,Rahul Mehta,Smartphone,Electronics,2,15999
1232,16-07-2023,Anjali Chauhan,Mouse,Electronics,4,499
1233,03-02-2023,Rohit Gupta,Desk,Furniture,5,3499
1234,05-08-2023,Neha Verma,Mouse,Electronics,2,499
1235,05-02-2023,Priya Singh,Printer,Electronics,4,8999
1236,17-01-2023,Anjali Chauhan,Chair,Furniture,4,1999
1237,05-09-2023,Anjali Chauhan,Mouse,Electronics,2,499
1238,18-09-2023,Amit Sharma,Smartphone,Electronics,4,15999
1239,18-04-2023,Anjali Chauhan,Chair,Furniture,3,1999
1240,03-07-2023,Neha Verma,Mouse,Electronics,4,499
1241,22-09-2023,Rahul Mehta,Headphones,Electronics,1,1299
1242,16-10-2023,Amit Sharma,Desk,Furniture,3,3499
1243,27-12-2023,Amit Sharma,Smartphone,Electronics,5,15999
1244,02-09-2023,Rahul Mehta,Smartphone,Electronics,5,15999
1245,28-09-2023,Rahul Mehta,Headphones,Electronics,3,1299
1246,08-06-2023,Rahul Mehta,Desk,Furniture,2,3499
1247,05-12-2023,Rahul Mehta,Pen,Stationery,3,20
1248,04-04-2023,Rahul Mehta,Notebook,Stationery,3,99
1249,25-02-2023,Priya Singh,Headphones,Electronics,4,1299
1250,22-01-2023,Priya Singh,Chair,Furniture,3,1999
1251,24-08-2023,Rohit Gupta,Marker,Stationery,4,35
1252,10-07-2023,Amit Sharma,Desk,Furniture,4,3499
1253,01-04-2023,Anjali Chauhan,Desk,Furniture,3,3499
1254,05-09-2023,Priya Singh,Desk,Furniture,3,3499
1255,14-11-2023,Rohit Gupta,Desk,Furniture,3,3499
1256,16-02-2023,Rahul Mehta,Smartphone,Electronics,3,15999
1257,09-05-2023,Rahul Mehta,Chair,Furniture,3,1999
1258,14-06-2023,Priya Singh,Headphones,Electronics,2,1299
1259,16-11-2023,Neha Verma,Notebook,Stationery,1,99
1260,14-09-2023,Neha Verma,Notebook,Stationery,4,99
1261,18-12-2023,Priya Singh,Chair,Furniture,1,1999
1262,15-01-2023,Anjali Chauhan,Pen,Stationery,2,20
1263,09-02-2023,Rohit Gupta,Marker,Stationery,4,35
1264,05-08-2023,Neha Verma,Pen,Stationery,5,20
1265,17-04-2023,Anjali Chauhan,Smartphone,Electronics,5,15999
1266,25-07-2023,Anjali Chauhan,Laptop,Electronics,4,45999
1267,06-04-2023,Rohit Gupta,Headphones,Electronics,5,1299
1268,27-02-2023,Amit Sharma,Headphones,Electronics,5,1299
1269,01-09-2023,Anjali Chauhan,Printer,Electronics,2,8999
1270,26-11-2023,Neha Verma,Mouse,Electronics,3,499
1271,03-06-2023,Amit Sharma,Pen,Stationery,1,20
1272,12-09-2023,Priya Singh,Desk,Furniture,2,3499
1273,17-04-2023,Anjali Chauhan,Laptop,Electronics,2,45999
1274,30-08-2023,Neha Verma,Printer,Electronics,1,8999
1275,15-09-2023,Rahul Mehta,Desk,Furniture,3,3499
1276,11-03-2023,Anjali Chauhan,Chair,Furniture,1,1999
1277,11-04-2023,Neha Verma,Laptop,Electronics,3,45999
1278,29-04-2023,Rohit Gupta,Printer,Electronics,5,8999
1279,29-09-2023,Neha Verma,Laptop,Electronics,2,45999
1280,01-10-2023,Anjali Chauhan,Laptop,Electronics,5,45999
1281,05-05-2023,Amit Sharma,Printer,Electronics,5,8999
1282,17-08-2023,Priya Singh,Marker,Stationery,2,35
1283,26-10-2023,Amit Sharma,Printer,Electronics,4,8999
1284,20-06-2023,Rohit Gupta,Printer,Electronics,1,8999
1285,19-09-2023,Anjali Chauhan,Mouse,Electronics,1,499
1286,21-02-2023,Amit Sharma,Mouse,Electronics,4,499
1287,22-04-2023,Amit Sharma,Headphones,Electronics,4,1299
1288,26-07-2023,Rohit Gupta,Pen,Stationery,1,20
1289,03-06-2023,Neha Verma,Desk,Furniture,1,3499
1290,10-06-2023,Amit Sharma,Smartphone,Electronics,5,15999
1291,02-10-2023,Rahul Mehta,Mouse,Electronics,4,499
1292,05-11-2023,Rahul Mehta,Desk,Furniture,1,3499
1293,12-02-2023,Priya Singh,Desk,Furniture,1,3499
1294,01-08-2023,Amit Sharma,Marker,Stationery,2,35
1295,04-11-2023,Neha Verma,Laptop,Electronics,5,45999
1296,26-05-2023,Rohit Gupta,Notebook,Stationery,3,99
1297,06-05-2023,Priya Singh,Headphones,Electronics,3,1299
1298,05-02-2023,Amit Sharma,Notebook,Stationery,5,99
1299,22-08-2023,Anjali Chauhan,Marker,Stationery,2,35
1300,31-08-2023,Neha Verma,Smartphone,Electronics,2,15999
1301,24-02-2023,Rohit Gupta,Notebook,Stationery,3,99
1302,01-03-2023,Anjali Chauhan,Laptop,Electronics,1,45999
1303,20-06-2023,Neha Verma,Laptop,Electronics,5,45999
1304,30-10-2023,Anjali Chauhan,Printer,Electronics,1,8999
1305,05-05-2023,Rohit Gupta,Smartphone,Electronics,4,15999
1306,19-12-2023,Priya Singh,Laptop,Electronics,4,45999
1307,10-12-2023,Neha Verma,Chair,Furniture,1,1999
1308,17-07-2023,Anjali Chauhan,Smartphone,Electronics,3,15999
1309,18-12-2023,Rahul Mehta,Desk,Furniture,5,3499
1310,08-08-2023,Rahul Mehta,Chair,Furniture,2,1999
1311,16-10-2023,Anjali Chauhan,Desk,Furniture,3,3499
1312,08-09-2023,Neha Verma,Headphones,Electronics,2,1299
1313,27-04-2023,Priya Singh,Printer,Electronics,4,8999
1314,12-08-2023,Anjali Chauhan,Smartphone,Electronics,1,15999
1315,16-08-2023,Rahul Mehta,Smartphone,Electronics,4,15999
1316,23-10-2023,Amit Sharma,Desk,Furniture,5,3499
1317,21-09-2023,Priya Singh,Marker,Stationery,2,35
1318,15-12-2023,Neha Verma,Notebook,Stationery,1,99
1319,29-06-2023,Anjali Chauhan,Headphones,Electronics,2,1299
1320,27-11-2023,Rohit Gupta,Printer,Electronics,3,8999
1321,12-06-2023,Priya Singh,Printer,Electronics,5,8999
1322,27-05-2023,Amit Sharma,Printer,Electronics,3,8999
1323,28-05-2023,Amit Sharma,Notebook,Stationery,3,99
1324,26-05-2023,Rahul Mehta,Laptop,Electronics,4,45999
1325,04-03-2023,Rohit Gupta,Marker,Stationery,1,35
1326,18-02-2023,Rohit Gupta,Printer,Electronics,5,8999
1327,10-10-2023,Anjali Chauhan,Pen,Stationery,4,20
1328,30-10-2023,Anjali Chauhan,Desk,Furniture,4,3499
1329,23-05-2023,Neha Verma,Laptop,Electronics,3,45999
1330,08-12-2023,Anjali Chauhan,Smartphone,Electronics,2,15999
1331,02-07-2023,Neha Verma,Printer,Electronics,4,8999
1332,17-12-2023,Priya Singh,Headphones,Electronics,4,1299
1333,06-10-2023,Rahul Mehta,Smartphone,Electronics,5,15999
1334,03-07-2023,Priya Singh,Chair,Furniture,5,1999
1335,01-07-2023,Amit Sharma,Marker,Stationery,5,35
1336,13-08-2023,Rohit Gupta,Laptop,Electronics,5,45999
1337,13-11-2023,Rohit Gupta,Chair,Furniture,4,1999
1338,12-07-2023,Priya Singh,Laptop,Electronics,4,45999
1339,08-09-2023,Amit Sharma,Printer,Electronics,1,8999
1340,16-08-2023,Rahul Mehta,Headphones,Electronics,3,1299
1341,15-02-2023,Rahul Mehta,Smartphone,Electronics,5,15999
1342,21-01-2023,Rahul Mehta,Notebook,Stationery,2,99
1343,21-12-2023,Rohit Gupta,Pen,Stationery,4,20
1344,22-02-2023,Rahul Mehta,Headphones,Electronics,3,1299
1345,28-11-2023,Priya Singh,Chair,Furniture,2,1999
1346,14-10-2023,Priya Singh,Smartphone,Electronics,2,15999
1347,05-05-2023,Anjali Chauhan,Notebook,Stationery,4,99
1348,08-03-2023,Neha Verma,Pen,Stationery,3,20
1349,07-03-2023,Anjali Chauhan,Pen,Stationery,4,20
1350,25-10-2023,Rohit Gupta,Headphones,Electronics,2,1299
1351,12-06-2023,Rahul Mehta,Headphones,Electronics,5,1299
1352,26-07-2023,Amit Sharma,Laptop,Electronics,4,45999
1353,15-06-2023,Anjali Chauhan,Desk,Furniture,5,3499
1354,09-07-2023,Anjali Chauhan,Marker,Stationery,1,35
1355,24-12-2023,Neha Verma,Mouse,Electronics,4,499
1356,26-05-2023,Rohit Gupta,Pen,Stationery,2,20
1357,29-12-2023,Neha Verma,Marker,Stationery,2,35
1358,19-01-2023,Neha Verma,Printer,Electronics,5,8999
1359,14-12-2023,Rahul Mehta,Headphones,Electronics,4,1299
1360,31-07-2023,Neha Verma,Chair,Furniture,3,1999
1361,29-11-2023,Rohit Gupta,Printer,Electronics,2,8999
1362,10-12-2023,Rohit Gupta,Notebook,Stationery,3,99
1363,15-08-2023,Rahul Mehta,Mouse,Electronics,4,499
1364,23-08-2023,Neha Verma,Mouse,Electronics,4,499
1365,02-02-2023,Rohit Gupta,Pen,Stationery,4,20
1366,02-07-2023,Anjali Chauhan,Headphones,Electronics,4,1299
1367,23-08-2023,Neha Verma,Notebook,Stationery,5,99
1368,14-12-2023,Neha Verma,Notebook,Stationery,1,99
1369,30-11-2023,Amit Sharma,Printer,Electronics,4,8999
1370,26-03-2023,Rahul Mehta,Desk,Furniture,4,3499
1371,09-08-2023,Rahul Mehta,Chair,Furniture,3,1999
1372,21-10-2023,Neha Verma,Printer,Electronics,4,8999
1373,05-05-2023,Rohit Gupta,Smartphone,Electronics,2,15999
1374,15-10-2023,Neha Verma,Smartphone,Electronics,5,15999
1375,04-06-2023,Neha Verma,Chair,Furniture,5,1999
1376,01-10-2023,Priya Singh,Chair,Furniture,1,1999
1377,29-12-2023,Priya Singh,Pen,Stationery,2,20
1378,10-08-2023,Neha Verma,Desk,Furniture,2,3499
1379,25-10-2023,Anjali Chauhan,Smartphone,Electronics,2,15999
1380,28-08-2023,Neha Verma,Pen,Stationery,2,20
1381,19-10-2023,Amit Sharma,Pen,Stationery,1,20
1382,15-08-2023,Amit Sharma,Marker,Stationery,1,35
1383,17-11-2023,Amit Sharma,Pen,Stationery,2,20
1384,29-06-2023,Priya Singh,Pen,Stationery,1,20
1385,08-11-2023,Anjali Chauhan,Laptop,Electronics,4,45999
1386,06-08-2023,Rohit Gupta,Laptop,Electronics,4,45999
1387,01-02-2023,Neha Verma,Notebook,Stationery,5,99
1388,31-07-2023,Neha Verma,Headphones,Electronics,1,1299
1389,07-03-2023,Neha Verma,Notebook,Stationery,5,99
1390,21-08-2023,Anjali Chauhan,Printer,Electronics,5,8999
1391,15-03-2023,Rohit Gupta,Marker,Stationery,2,35
1392,29-12-2023,Rohit Gupta,Printer,Electronics,4,8999
1393,05-05-2023,Anjali Chauhan,Desk,Furniture,4,3499
1394,10-12-2023,Anjali Chauhan,Pen,Stationery,1,20
1395,29-05-2023,Amit Sharma,Mouse,Electronics,4,499
1396,29-04-2023,Amit Sharma,Pen,Stationery,2,20
1397,10-05-2023,Rahul Mehta,Smartphone,Electronics,3,15999
1398,30-06-2023,Neha Verma,Chair,Furniture,4,1999
1399,06-07-2023,Priya Singh,Chair,Furniture,5,1999
1400,18-04-2023,Rohit Gupta,Headphones,Electronics,2,1299
1401,22-11-2023,Amit Sharma,Notebook,Stationery,4,99
1402,21-05-2023,Amit Sharma,Desk,Furniture,2,3499
1403,10-02-2023,Anjali Chauhan,Pen,Stationery,2,20
1404,27-09-2023,Neha Verma,Notebook,Stationery,1,99
1405,30-07-2023,Priya Singh,Smartphone,Electronics,5,15999
1406,04-10-2023,Amit Sharma,Desk,Furniture,5,3499
1407,26-07-2023,Priya Singh,Chair,Furniture,4,1999
1408,22-09-2023,Priya Singh,Pen,Stationery,3,20
1409,25-03-2023,Anjali Chauhan,Headphones,Electronics,3,1299
1410,13-04-2023,Anjali Chauhan,Notebook,Stationery,4,99
1411,07-12-2023,Amit Sharma,Printer,Electronics,4,8999
1412,03-01-2023,Priya Singh,Printer,Electronics,1,8999
1413,09-10-2023,Rohit Gupta,Chair,Furniture,3,1999
1414,20-12-2023,Priya Singh,Headphones,Electronics,4,1299
1415,04-02-2023,Priya Singh,Laptop,Electronics,3,45999
1416,28-02-2023,Anjali Chauhan,Marker,Stationery,2,35
1417,20-05-2023,Neha Verma,Pen,Stationery,4,20
1418,19-12-2023,Amit Sharma,Mouse,Electronics,4,499
1419,25-03-2023,Neha Verma,Marker,Stationery,3,35
1420,10-09-2023,Neha Verma,Headphones,Electronics,1,1299
1421,12-08-2023,Rohit Gupta,Desk,Furniture,4,3499
1422,12-07-2023,Rohit Gupta,Desk,Furniture,5,3499
1423,05-05-2023,Rohit Gupta,Chair,Furniture,4,1999
1424,14-11-2023,Neha Verma,Chair,Furniture,4,1999
1425,27-04-2023,Neha Verma,Pen,Stationery,3,20
1426,14-05-2023,Rahul Mehta,Smartphone,Electronics,5,15999
1427,07-01-2023,Neha Verma,Laptop,Electronics,3,45999
1428,06-05-2023,Amit Sharma,Chair,Furniture,3,1999
1429,31-03-2023,Rohit Gupta,Mouse,Electronics,5,499
1430,29-03-2023,Rahul Mehta,Laptop,Electronics,5,45999
1431,18-08-2023,Anjali Chauhan,Notebook,Stationery,3,99
1432,28-02-2023,Rahul Mehta,Laptop,Electronics,2,45999
1433,12-03-2023,Anjali Chauhan,Mouse,Electronics,5,499
1434,28-10-2023,Amit Sharma,Mouse,Electronics,1,499
1435,03-07-2023,Anjali Chauhan,Printer,Electronics,3,8999
1436,06-02-2023,Neha Verma,Laptop,Electronics,2,45999
1437,19-12-2023,Priya Singh,Printer,Electronics,1,8999
1438,11-06-2023,Neha Verma,Pen,Stationery,5,20
1439,16-07-2023,Rohit Gupta,Chair,Furniture,3,1999
1440,10-03-2023,Amit Sharma,Notebook,Stationery,3,99
1441,12-06-2023,Rohit Gupta,Mouse,Electronics,3,499
1442,08-11-2023,Neha Verma,Laptop,Electronics,4,45999
1443,30-01-2023,Rohit Gupta,Mouse,Electronics,2,499
1444,14-03-2023,Anjali Chauhan,Printer,Electronics,4,8999
1445,17-05-2023,Anjali Chauhan,Desk,Furniture,1,3499
1446,10-02-2023,Amit Sharma,Smartphone,Electronics,4,15999
1447,17-06-2023,Rohit Gupta,Marker,Stationery,3,35
1448,28-12-2023,Neha Verma,Headphones,Electronics,1,1299
1449,12-07-2023,Rohit Gupta,Smartphone,Electronics,4,15999
1450,21-03-2023,Neha Verma,Notebook,Stationery,3,99
1451,14-06-2023,Neha Verma,Notebook,Stationery,2,99
1452,13-08-2023,Priya Singh,Laptop,Electronics,4,45999
1453,29-04-2023,Amit Sharma,Laptop,Electronics,5,45999
1454,04-07-2023,Rahul Mehta,Desk,Furniture,3,3499
1455,23-02-2023,Amit Sharma,Headphones,Electronics,1,1299
1456,10-01-2023,Amit Sharma,Marker,Stationery,2,35
1457,01-01-2023,Rohit Gupta,Headphones,Electronics,1,1299
1458,07-09-2023,Rohit Gupta,Notebook,Stationery,3,99
1459,07-03-2023,Anjali Chauhan,Pen,Stationery,4,20
1460,24-08-2023,Priya Singh,Pen,Stationery,5,20
1461,05-12-2023,Neha Verma,Chair,Furniture,3,1999
1462,29-06-2023,Priya Singh,Smartphone,Electronics,3,15999
1463,17-02-2023,Priya Singh,Smartphone,Electronics,3,15999
1464,24-02-2023,Neha Verma,Notebook,Stationery,3,99
1465,09-02-2023,Priya Singh,Notebook,Stationery,1,99
1466,08-12-2023,Neha Verma,Desk,Furniture,2,3499
1467,12-10-2023,Rohit Gupta,Notebook,Stationery,4,99
1468,19-08-2023,Anjali Chauhan,Printer,Electronics,1,8999
1469,18-12-2023,Rahul Mehta,Smartphone,Electronics,4,15999
1470,21-02-2023,Priya Singh,Printer,Electronics,5,8999
1471,20-11-2023,Rahul Mehta,Pen,Stationery,5,20
1472,16-07-2023,Rohit Gupta,Pen,Stationery,4,20
1473,23-01-2023,Anjali Chauhan,Headphones,Electronics,3,1299
1474,04-06-2023,Anjali Chauhan,Printer,Electronics,4,8999
1475,03-02-2023,Priya Singh,Mouse,Electronics,5,499
1476,26-04-2023,Rohit Gupta,Notebook,Stationery,1,99
1477,14-07-2023,Anjali Chauhan,Chair,Furniture,4,1999
1478,11-10-2023,Rahul Mehta,Printer,Electronics,1,8999
1479,30-12-2023,Rohit Gupta,Printer,Electronics,5,8999
1480,26-02-2023,Rahul Mehta,Notebook,Stationery,1,99
1481,04-03-2023,Priya Singh,Laptop,Electronics,1,45999
1482,28-04-2023,Neha Verma,Notebook,Stationery,2,99
1483,26-10-2023,Neha Verma,Printer,Electronics,1,8999
1484,15-04-2023,Rohit Gupta,Laptop,Electronics,3,45999
1485,10-12-2023,Priya Singh,Chair,Furniture,4,1999
1486,07-04-2023,Rohit Gupta,Chair,Furniture,4,1999
1487,19-06-2023,Amit Sharma,Mouse,Electronics,3,499
1488,15-11-2023,Anjali Chauhan,Marker,Stationery,3,35
1489,10-09-2023,Anjali Chauhan,Laptop,Electronics,2,45999
1490,11-07-2023,Amit Sharma,Notebook,Stationery,1,99
1491,14-06-2023,Rahul Mehta,Printer,Electronics,4,8999
1492,16-05-2023,Anjali Chauhan,Desk,Furniture,3,3499
1493,19-02-2023,Anjali Chauhan,Laptop,Electronics,1,45999
1494,23-10-2023,Rahul Mehta,Headphones,Electronics,2,1299
1495,20-05-2023,Priya Singh,Notebook,Stationery,3,99
1496,29-01-2023,Amit Sharma,Marker,Stationery,3,35
1497,11-07-2023,Neha Verma,Desk,Furniture,4,3499
1498,02-07-2023,Anjali Chauhan,Marker,Stationery,3,35
1499,17-03-2023,Rahul Mehta,Notebook,Stationery,3,99
1500,25-12-2023,Neha Verma,Desk,Furniture,4,3499
1501,26-02-2023,Anjali Chauhan,Headphones,Electronics,2,1299
1502,29-09-2023,Neha Verma,Smartphone,Electronics,4,15999
1503,07-03-2023,Neha Verma,Marker,Stationery,3,35
1504,13-11-2023,Rohit Gupta,Notebook,Stationery,1,99
1505,16-11-2023,Rahul Mehta,Pen,Stationery,1,20
1506,03-10-2023,Anjali Chauhan,Printer,Electronics,4,8999
1507,29-10-2023,Amit Sharma,Printer,Electronics,4,8999
1508,30-10-2023,Anjali Chauhan,Marker,Stationery,4,35
1509,12-04-2023,Neha Verma,Mouse,Electronics,1,499
1510,10-11-2023,Rohit Gupta,Smartphone,Electronics,1,15999
1511,24-03-2023,Anjali Chauhan,Printer,Electronics,5,8999
1512,25-02-2023,Neha Verma,Headphones,Electronics,3,1299
1513,30-03-2023,Amit Sharma,Desk,Furniture,2,3499
1514,04-02-2023,Rahul Mehta,Chair,Furniture,3,1999
1515,07-08-2023,Rahul Mehta,Smartphone,Electronics,4,15999
1516,10-09-2023,Rohit Gupta,Chair,Furniture,5,1999
1517,28-12-2023,Rohit Gupta,Desk,Furniture,2,3499
1518,02-10-2023,Priya Singh,Desk,Furniture,2,3499
1519,05-04-2023,Rohit Gupta,Laptop,Electronics,4,45999
1520,03-03-2023,Priya Singh,Notebook,Stationery,2,99
1521,06-05-2023,Neha Verma,Pen,Stationery,2,20
1522,23-04-2023,Rohit Gupta,Printer,Electronics,3,8999
1523,29-10-2023,Amit Sharma,Printer,Electronics,2,8999
1524,05-09-2023,Priya Singh,Headphones,Electronics,4,1299
1525,04-02-2023,Neha Verma,Chair,Furniture,2,1999
1526,02-10-2023,Rahul Mehta,Smartphone,Electronics,5,15999
1527,23-02-2023,Rahul Mehta,Headphones,Electronics,4,1299
1528,13-06-2023,Amit Sharma,Marker,Stationery,2,35
1529,12-09-2023,Anjali Chauhan,Pen,Stationery,1,20
1530,19-11-2023,Neha Verma,Mouse,Electronics,2,499
1531,28-09-2023,Amit Sharma,Mouse,Electronics,3,499
1532,06-09-2023,Neha Verma,Printer,Electronics,4,8999
1533,26-05-2023,Anjali Chauhan,Notebook,Stationery,5,99
1534,18-10-2023,Neha Verma,Printer,Electronics,5,8999
1535,25-12-2023,Anjali Chauhan,Mouse,Electronics,3,499
1536,29-09-2023,Rohit Gupta,Notebook,Stationery,2,99
1537,24-12-2023,Anjali Chauhan,Chair,Furniture,4,1999
1538,22-03-2023,Anjali Chauhan,Chair,Furniture,2,1999
1539,22-12-2023,Amit Sharma,Pen,Stationery,5,20
1540,22-08-2023,Priya Singh,Laptop,Electronics,3,45999
1541,27-10-2023,Rahul Mehta,Pen,Stationery,1,20
1542,02-12-2023,Priya Singh,Smartphone,Electronics,2,15999
1543,19-09-2023,Rohit Gupta,Notebook,Stationery,2,99
1544,16-04-2023,Anjali Chauhan,Notebook,Stationery,3,99
1545,20-02-2023,Anjali Chauhan,Desk,Furniture,2,3499
1546,19-01-2023,Rahul Mehta,Notebook,Stationery,3,99
1547,13-07-2023,Neha Verma,Marker,Stationery,5,35
1548,31-10-2023,Anjali Chauhan,Desk,Furniture,5,3499
1549,26-12-2023,Amit Sharma,Marker,Stationery,1,35
1550,02-08-2023,Rohit Gupta,Mouse,Electronics,3,499
1551,30-08-2023,Amit Sharma,Marker,Stationery,5,35
1552,20-11-2023,Neha Verma,Chair,Furniture,3,1999
1553,10-03-2023,Neha Verma,Headphones,Electronics,4,1299
1554,17-08-2023,Neha Verma,Printer,Electronics,3,8999
1555,06-03-2023,Anjali Chauhan,Printer,Electronics,5,8999
1556,24-08-2023,Rohit Gupta,Desk,Furniture,4,3499
1557,22-10-2023,Amit Sharma,Mouse,Electronics,2,499
1558,23-10-2023,Rahul Mehta,Pen,Stationery,1,20
1559,17-02-2023,Priya Singh,Laptop,Electronics,3,45999
1560,18-09-2023,Priya Singh,Laptop,Electronics,1,45999
1561,27-04-2023,Rohit Gupta,Laptop,Electronics,2,45999
1562,27-06-2023,Priya Singh,Pen,Stationery,2,20
1563,19-02-2023,Rahul Mehta,Laptop,Electronics,1,45999
1564,14-02-2023,Amit Sharma,Chair,Furniture,3,1999
1565,16-12-2023,Priya Singh,Printer,Electronics,2,8999
1566,16-04-2023,Anjali Chauhan,Marker,Stationery,2,35
1567,14-03-2023,Amit Sharma,Headphones,Electronics,3,1299
1568,16-12-2023,Amit Sharma,Mouse,Electronics,5,499
1569,10-09-2023,Priya Singh,Smartphone,Electronics,5,15999
1570,20-06-2023,Rahul Mehta,Chair,Furniture,1,1999
1571,27-06-2023,Rohit Gupta,Desk,Furniture,3,3499
1572,10-08-2023,Rahul Mehta,Marker,Stationery,3,35
1573,13-07-2023,Neha Verma,Mouse,Electronics,5,499
1574,29-08-2023,Amit Sharma,Smartphone,Electronics,5,15999
1575,18-08-2023,Anjali Chauhan,Headphones,Electronics,4,1299
1576,21-05-2023,Neha Verma,Marker,Stationery,2,35
1577,22-04-2023,Rohit Gupta,Pen,Stationery,2,20
1578,09-04-2023,Anjali Chauhan,Smartphone,Electronics,1,15999
1579,23-07-2023,Rahul Mehta,Chair,Furniture,2,1999
1580,19-07-2023,Rohit Gupta,Notebook,Stationery,1,99
1581,13-11-2023,Neha Verma,Notebook,Stationery,1,99
1582,07-04-2023,Priya Singh,Notebook,Stationery,2,99
1583,31-12-2023,Rohit Gupta,Notebook,Stationery,4,99
1584,27-02-2023,Anjali Chauhan,Headphones,Electronics,3,1299
1585,07-08-2023,Rohit Gupta,Chair,Furniture,4,1999
1586,23-07-2023,Neha Verma,Printer,Electronics,1,8999
1587,25-07-2023,Neha Verma,Notebook,Stationery,4,99
1588,04-08-2023,Rohit Gupta,Chair,Furniture,1,1999
1589,19-12-2023,Rohit Gupta,Smartphone,Electronics,2,15999
1590,21-09-2023,Neha Verma,Notebook,Stationery,5,99
1591,18-12-2023,Rahul Mehta,Smartphone,Electronics,2,15999
1592,11-02-2023,Neha Verma,Mouse,Electronics,2,499
1593,01-05-2023,Rahul Mehta,Notebook,Stationery,5,99
1594,03-06-2023,Amit Sharma,Smartphone,Electronics,5,15999
1595,10-04-2023,Rohit Gupta,Headphones,Electronics,3,1299
1596,19-10-2023,Anjali Chauhan,Marker,Stationery,4,35
1597,18-01-2023,Rahul Mehta,Laptop,Electronics,5,45999
1598,20-08-2023,Anjali Chauhan,Mouse,Electronics,2,499
1599,16-06-2023,Amit Sharma,Smartphone,Electronics,5,15999
1600,02-05-2023,Rahul Mehta,Laptop,Electronics,5,45999
1601,03-01-2023,Neha Verma,Chair,Furniture,1,1999
1602,13-08-2023,Rohit Gupta,Pen,Stationery,4,20
1603,25-04-2023,Rahul Mehta,Smartphone,Electronics,3,15999
1604,05-04-2023,Priya Singh,Smartphone,Electronics,1,15999
1605,24-12-2023,Rohit Gupta,Notebook,Stationery,3,99
1606,15-06-2023,Amit Sharma,Headphones,Electronics,5,1299
1607,23-03-2023,Rahul Mehta,Mouse,Electronics,1,499
1608,21-05-2023,Rohit Gupta,Notebook,Stationery,3,99
1609,20-04-2023,Amit Sharma,Pen,Stationery,3,20
1610,02-05-2023,Rahul Mehta,Chair,Furniture,4,1999
1611,29-11-2023,Anjali Chauhan,Mouse,Electronics,1,499
1612,05-01-2023,Amit Sharma,Marker,Stationery,4,35
1613,28-11-2023,Rahul Mehta,Notebook,Stationery,4,99
1614,25-03-2023,Rahul Mehta,Smartphone,Electronics,3,15999
1615,25-09-2023,Anjali Chauhan,Notebook,Stationery,2,99
1616,10-07-2023,Rahul Mehta,Pen,Stationery,4,20
1617,31-07-2023,Rohit Gupta,Desk,Furniture,4,3499
1618,07-05-2023,Rahul Mehta,Headphones,Electronics,5,1299
1619,30-10-2023,Neha Verma,Desk,Furniture,5,3499
1620,07-01-2023,Priya Singh,Chair,Furniture,2,1999
1621,31-08-2023,Neha Verma,Marker,Stationery,2,35
1622,23-07-2023,Priya Singh,Headphones,Electronics,4,1299
1623,04-03-2023,Rahul Mehta,Printer,Electronics,5,8999
1624,16-08-2023,Neha Verma,Smartphone,Electronics,5,15999
1625,18-03-2023,Anjali Chauhan,Mouse,Electronics,4,499
1626,04-06-2023,Amit Sharma,Chair,Furniture,5,1999
1627,07-12-2023,Amit Sharma,Smartphone,Electronics,3,15999
1628,27-11-2023,Anjali Chauhan,Smartphone,Electronics,2,15999
1629,08-07-2023,Neha Verma,Pen,Stationery,3,20
1630,26-02-2023,Neha Verma,Notebook,Stationery,3,99
1631,07-05-2023,Amit Sharma,Marker,Stationery,5,35
1632,27-06-2023,Amit Sharma,Desk,Furniture,2,3499
1633,16-10-2023,Rahul Mehta,Pen,Stationery,5,20
1634,09-10-2023,Neha Verma,Printer,Electronics,2,8999
1635,11-09-2023,Priya Singh,Laptop,Electronics,5,45999
1636,12-12-2023,Rahul Mehta,Laptop,Electronics,5,45999
1637,29-04-2023,Priya Singh,Mouse,Electronics,2,499
1638,30-04-2023,Anjali Chauhan,Chair,Furniture,4,1999
1639,23-01-2023,Anjali Chauhan,Chair,Furniture,2,1999
1640,25-12-2023,Rahul Mehta,Printer,Electronics,3,8999
1641,16-12-2023,Neha Verma,Desk,Furniture,5,3499
1642,04-06-2023,Anjali Chauhan,Smartphone,Electronics,4,15999
1643,22-12-2023,Anjali Chauhan,Mouse,Electronics,3,499
1644,30-09-2023,Amit Sharma,Pen,Stationery,2,20
1645,28-08-2023,Neha Verma,Laptop,Electronics,3,45999
1646,13-04-2023,Neha Verma,Mouse,Electronics,2,499
1647,10-09-2023,Amit Sharma,Printer,Electronics,5,8999
1648,14-01-2023,Amit Sharma,Printer,Electronics,4,8999
1649,20-06-2023,Rahul Mehta,Notebook,Stationery,3,99
1650,26-03-2023,Neha Verma,Smartphone,Electronics,5,15999
1651,23-10-2023,Amit Sharma,Printer,Electronics,1,8999
1652,16-11-2023,Anjali Chauhan,Notebook,Stationery,1,99
1653,25-04-2023,Neha Verma,Marker,Stationery,4,35
1654,09-05-2023,Amit Sharma,Mouse,Electronics,4,499
1655,10-10-2023,Rahul Mehta,Marker,Stationery,3,35
1656,25-04-2023,Amit Sharma,Mouse,Electronics,3,499
1657,05-07-2023,Rohit Gupta,Mouse,Electronics,2,499
1658,28-08-2023,Priya Singh,Smartphone,Electronics,5,15999
1659,01-07-2023,Neha Verma,Notebook,Stationery,3,99
1660,15-06-2023,Priya Singh,Printer,Electronics,2,8999
1661,27-10-2023,Anjali Chauhan,Smartphone,Electronics,4,15999
1662,23-04-2023,Priya Singh,Desk,Furniture,5,3499
1663,04-04-2023,Anjali Chauhan,Laptop,Electronics,2,45999
1664,19-05-2023,Rohit Gupta,Desk,Furniture,4,3499
1665,28-01-2023,Priya Singh,Smartphone,Electronics,2,15999
1666,21-08-2023,Rohit Gupta,Notebook,Stationery,1,99
1667,21-09-2023,Anjali Chauhan,Pen,Stationery,5,20
1668,25-09-2023,Rahul Mehta,Headphones,Electronics,2,1299
1669,27-03-2023,Rahul Mehta,Headphones,Electronics,3,1299
1670,25-04-2023,Rohit Gupta,Headphones,Electronics,2,1299
1671,20-12-2023,Anjali Chauhan,Mouse,Electronics,1,499
1672,12-10-2023,Neha Verma,Chair,Furniture,2,1999
1673,23-09-2023,Amit Sharma,Chair,Furniture,3,1999
1674,28-11-2023,Rohit Gupta,Desk,Furniture,5,3499
1675,28-05-2023,Neha Verma,Notebook,Stationery,1,99
1676,19-12-2023,Amit Sharma,Pen,Stationery,1,20
1677,28-01-2023,Neha Verma,Marker,Stationery,1,35
1678,24-04-2023,Priya Singh,Laptop,Electronics,5,45999
1679,28-03-2023,Amit Sharma,Laptop,Electronics,2,45999
1680,25-07-2023,Priya Singh,Laptop,Electronics,2,45999
1681,09-03-2023,Anjali Chauhan,Pen,Stationery,1,20
1682,25-10-2023,Amit Sharma,Mouse,Electronics,1,499
1683,30-10-2023,Priya Singh,Mouse,Electronics,4,499
1684,16-07-2023,Priya Singh,Chair,Furniture,3,1999
1685,29-07-2023,Rahul Mehta,Laptop,Electronics,1,45999
1686,27-01-2023,Rohit Gupta,Mouse,Electronics,4,499
1687,19-08-2023,Neha Verma,Desk,Furniture,4,3499
1688,23-11-2023,Priya Singh,Printer,Electronics,5,8999
1689,03-04-2023,Priya Singh,Marker,Stationery,2,35
1690,26-11-2023,Anjali Chauhan,Notebook,Stationery,3,99
1691,04-11-2023,Priya Singh,Laptop,Electronics,4,45999
1692,06-12-2023,Rahul Mehta,Laptop,Electronics,2,45999
1693,25-09-2023,Priya Singh,Mouse,Electronics,3,499
1694,26-05-2023,Anjali Chauhan,Chair,Furniture,5,1999
1695,13-12-2023,Neha Verma,Desk,Furniture,4,3499
1696,31-10-2023,Priya Singh,Chair,Furniture,5,1999
1697,12-12-2023,Priya Singh,Printer,Electronics,5,8999
1698,12-10-2023,Neha Verma,Printer,Electronics,4,8999
1699,08-07-2023,Neha Verma,Notebook,Stationery,5,99
1700,19-11-2023,Amit Sharma,Pen,Stationery,2,20
1701,09-06-2023,Priya Singh,Notebook,Stationery,2,99
1702,24-11-2023,Priya Singh,Printer,Electronics,4,8999
1703,09-04-2023,Neha Verma,Notebook,Stationery,4,99
1704,23-07-2023,Amit Sharma,Marker,Stationery,5,35
1705,28-05-2023,Rahul Mehta,Chair,Furniture,2,1999
1706,02-02-2023,Rahul Mehta,Notebook,Stationery,5,99
1707,07-01-2023,Priya Singh,Smartphone,Electronics,1,15999
1708,28-05-2023,Amit Sharma,Notebook,Stationery,3,99
1709,04-05-2023,Neha Verma,Smartphone,Electronics,1,15999
1710,06-02-2023,Amit Sharma,Desk,Furniture,3,3499
1711,08-11-2023,Amit Sharma,Headphones,Electronics,5,1299
1712,23-11-2023,Neha Verma,Notebook,Stationery,3,99
1713,22-02-2023,Rahul Mehta,Mouse,Electronics,2,499
1714,22-02-2023,Neha Verma,Notebook,Stationery,2,99
1715,07-02-2023,Rahul Mehta,Marker,Stationery,5,35
1716,09-05-2023,Rohit Gupta,Chair,Furniture,1,1999
1717,19-06-2023,Priya Singh,Laptop,Electronics,1,45999
1718,18-05-2023,Rohit Gupta,Marker,Stationery,3,35
1719,17-06-2023,Neha Verma,Marker,Stationery,5,35
1720,23-01-2023,Anjali Chauhan,Laptop,Electronics,2,45999
1721,11-08-2023,Amit Sharma,Pen,Stationery,5,20
1722,28-04-2023,Neha Verma,Marker,Stationery,3,35
1723,30-11-2023,Neha Verma,Desk,Furniture,5,3499
1724,27-01-2023,Anjali Chauhan,Headphones,Electronics,2,1299
1725,19-07-2023,Amit Sharma,Chair,Furniture,4,1999
1726,26-08-2023,Neha Verma,Headphones,Electronics,4,1299
1727,27-01-2023,Priya Singh,Desk,Furniture,5,3499
1728,09-01-2023,Rahul Mehta,Desk,Furniture,4,3499
1729,01-02-2023,Neha Verma,Mouse,Electronics,1,499
1730,29-09-2023,Priya Singh,Printer,Electronics,2,8999
1731,06-09-2023,Amit Sharma,Printer,Electronics,2,8999
1732,24-10-2023,Amit Sharma,Laptop,Electronics,1,45999
1733,20-09-2023,Neha Verma,Headphones,Electronics,3,1299
1734,30-01-2023,Neha Verma,Pen,Stationery,5,20
1735,14-09-2023,Neha Verma,Chair,Furniture,5,1999
1736,19-06-2023,Neha Verma,Desk,Furniture,5,3499
1737,27-02-2023,Rahul Mehta,Headphones,Electronics,3,1299
1738,06-08-2023,Rohit Gupta,Printer,Electronics,4,8999
1739,07-06-2023,Amit Sharma,Notebook,Stationery,1,99
1740,26-05-2023,Amit Sharma,Mouse,Electronics,4,499
1741,05-06-2023,Anjali Chauhan,Headphones,Electronics,2,1299
1742,06-10-2023,Amit Sharma,Headphones,Electronics,1,1299
1743,13-03-2023,Amit Sharma,Notebook,Stationery,1,99
1744,12-05-2023,Amit Sharma,Chair,Furniture,2,1999
1745,03-11-2023,Priya Singh,Desk,Furniture,2,3499
1746,09-11-2023,Amit Sharma,Desk,Furniture,5,3499
1747,17-01-2023,Amit Sharma,Marker,Stationery,5,35
1748,10-09-2023,Neha Verma,Laptop,Electronics,3,45999
1749,24-06-2023,Neha Verma,Laptop,Electronics,5,45999
1750,09-03-2023,Neha Verma,Notebook,Stationery,5,99
1751,08-09-2023,Anjali Chauhan,Notebook,Stationery,4,99
1752,13-03-2023,Anjali Chauhan,Laptop,Electronics,5,45999
1753,06-08-2023,Priya Singh,Smartphone,Electronics,4,15999
1754,10-07-2023,Neha Verma,Chair,Furniture,4,1999
1755,12-11-2023,Rahul Mehta,Chair,Furniture,4,1999
1756,18-11-2023,Priya Singh,Headphones,Electronics,4,1299
1757,28-05-2023,Rohit Gupta,Chair,Furniture,4,1999
1758,08-08-2023,Neha Verma,Smartphone,Electronics,3,15999
1759,19-03-2023,Rahul Mehta,Printer,Electronics,2,8999
1760,25-11-2023,Amit Sharma,Notebook,Stationery,4,99
1761,15-07-2023,Priya Singh,Laptop,Electronics,4,45999
1762,16-07-2023,Amit Sharma,Headphones,Electronics,3,1299
1763,18-12-2023,Amit Sharma,Headphones,Electronics,3,1299
1764,17-04-2023,Priya Singh,Printer,Electronics,3,8999
1765,09-04-2023,Amit Sharma,Pen,Stationery,3,20
1766,26-11-2023,Priya Singh,Laptop,Electronics,5,45999
1767,28-05-2023,Neha Verma,Mouse,Electronics,1,499
1768,12-07-2023,Neha Verma,Smartphone,Electronics,3,15999
1769,24-05-2023,Amit Sharma,Pen,Stationery,4,20
1770,28-09-2023,Anjali Chauhan,Pen,Stationery,1,20
1771,26-01-2023,Rahul Mehta,Pen,Stationery,3,20
1772,28-02-2023,Anjali Chauhan,Chair,Furniture,3,1999
1773,28-09-2023,Neha Verma,Mouse,Electronics,2,499
1774,13-05-2023,Amit Sharma,Pen,Stationery,5,20
1775,02-01-2023,Rahul Mehta,Pen,Stationery,4,20
1776,31-07-2023,Anjali Chauhan,Headphones,Electronics,5,1299
1777,26-11-2023,Amit Sharma,Printer,Electronics,3,8999
1778,20-02-2023,Neha Verma,Laptop,Electronics,5,45999
1779,21-08-2023,Anjali Chauhan,Headphones,Electronics,5,1299
1780,01-05-2023,Rahul Mehta,Chair,Furniture,3,1999
1781,08-05-2023,Rohit Gupta,Desk,Furniture,1,3499
1782,22-10-2023,Rahul Mehta,Chair,Furniture,5,1999
1783,30-12-2023,Amit Sharma,Chair,Furniture,5,1999
1784,31-12-2023,Anjali Chauhan,Mouse,Electronics,2,499
1785,12-09-2023,Rohit Gupta,Smartphone,Electronics,4,15999
1786,27-12-2023,Priya Singh,Marker,Stationery,3,35
1787,07-06-2023,Neha Verma,Laptop,Electronics,5,45999
1788,10-07-2023,Rohit Gupta,Headphones,Electronics,4,1299
1789,24-05-2023,Priya Singh,Headphones,Electronics,3,1299
1790,24-07-2023,Neha Verma,Laptop,Electronics,5,45999
1791,04-07-2023,Anjali Chauhan,Pen,Stationery,3,20
1792,14-05-2023,Anjali Chauhan,Laptop,Electronics,5,45999
1793,13-10-2023,Anjali Chauhan,Headphones,Electronics,3,1299
1794,05-10-2023,Amit Sharma,Notebook,Stationery,5,99
1795,05-01-2023,Rohit Gupta,Marker,Stationery,3,35
1796,25-06-2023,Priya Singh,Notebook,Stationery,2,99
1797,03-12-2023,Rahul Mehta,Headphones,Electronics,3,1299
1798,29-04-2023,Priya Singh,Headphones,Electronics,5,1299
1799,23-01-2023,Rohit Gupta,Marker,Stationery,4,35
1800,11-05-2023,Neha Verma,Marker,Stationery,1,35
1801,15-11-2023,Amit Sharma,Marker,Stationery,1,35
1802,19-12-2023,Rohit Gupta,Laptop,Electronics,1,45999
1803,05-09-2023,Amit Sharma,Chair,Furniture,2,1999
1804,22-03-2023,Rahul Mehta,Laptop,Electronics,5,45999
1805,03-01-2023,Priya Singh,Marker,Stationery,2,35
1806,10-09-2023,Priya Singh,Pen,Stationery,3,20
1807,22-05-2023,Rohit Gupta,Marker,Stationery,2,35
1808,27-07-2023,Anjali Chauhan,Headphones,Electronics,4,1299
1809,14-08-2023,Rohit Gupta,Pen,Stationery,1,20
1810,16-02-2023,Anjali Chauhan,Desk,Furniture,2,3499
1811,12-03-2023,Anjali Chauhan,Marker,Stationery,5,35
1812,04-03-2023,Priya Singh,Pen,Stationery,1,20
1813,03-06-2023,Neha Verma,Marker,Stationery,1,35
1814,28-10-2023,Amit Sharma,Smartphone,Electronics,2,15999
1815,17-08-2023,Neha Verma,Notebook,Stationery,4,99
1816,14-01-2023,Amit Sharma,Laptop,Electronics,2,45999
1817,24-09-2023,Amit Sharma,Pen,Stationery,5,20
1818,18-09-2023,Neha Verma,Laptop,Electronics,1,45999
1819,20-04-2023,Rohit Gupta,Marker,Stationery,3,35
1820,20-07-2023,Rahul Mehta,Laptop,Electronics,1,45999
1821,20-08-2023,Anjali Chauhan,Marker,Stationery,5,35
1822,16-08-2023,Neha Verma,Laptop,Electronics,2,45999
1823,17-04-2023,Rohit Gupta,Notebook,Stationery,5,99
1824,16-04-2023,Anjali Chauhan,Marker,Stationery,5,35
1825,15-01-2023,Anjali Chauhan,Laptop,Electronics,4,45999
1826,03-12-2023,Neha Verma,Pen,Stationery,3,20
1827,20-05-2023,Priya Singh,Headphones,Electronics,1,1299
1828,04-06-2023,Rahul Mehta,Smartphone,Electronics,4,15999
1829,01-12-2023,Rohit Gupta,Headphones,Electronics,3,1299
1830,29-08-2023,Rohit Gupta,Desk,Furniture,1,3499
1831,14-08-2023,Anjali Chauhan,Laptop,Electronics,4,45999
1832,19-05-2023,Amit Sharma,Chair,Furniture,5,1999
1833,23-07-2023,Amit Sharma,Laptop,Electronics,3,45999
1834,22-12-2023,Anjali Chauhan,Printer,Electronics,3,8999
1835,19-01-2023,Neha Verma,Headphones,Electronics,4,1299
1836,15-04-2023,Anjali Chauhan,Printer,Electronics,1,8999
1837,13-06-2023,Neha Verma,Smartphone,Electronics,3,15999
1838,20-02-2023,Rahul Mehta,Mouse,Electronics,4,499
1839,26-10-2023,Amit Sharma,Chair,Furniture,2,1999
1840,12-01-2023,Rahul Mehta,Mouse,Electronics,3,499
1841,28-11-2023,Rohit Gupta,Laptop,Electronics,2,45999
1842,11-10-2023,Rahul Mehta,Pen,Stationery,5,20
1843,08-09-2023,Rohit Gupta,Mouse,Electronics,4,499
1844,24-01-2023,Amit Sharma,Marker,Stationery,4,35
1845,26-12-2023,Anjali Chauhan,Laptop,Electronics,4,45999
1846,03-04-2023,Priya Singh,Headphones,Electronics,5,1299
1847,03-03-2023,Neha Verma,Marker,Stationery,4,35
1848,27-06-2023,Neha Verma,Chair,Furniture,5,1999
1849,14-10-2023,Amit Sharma,Smartphone,Electronics,3,15999
1850,14-04-2023,Rahul Mehta,Pen,Stationery,4,20
1851,28-01-2023,Rohit Gupta,Printer,Electronics,4,8999
1852,04-08-2023,Priya Singh,Laptop,Electronics,4,45999
1853,23-07-2023,Amit Sharma,Smartphone,Electronics,1,15999
1854,05-12-2023,Anjali Chauhan,Printer,Electronics,3,8999
1855,01-05-2023,Priya Singh,Headphones,Electronics,4,1299
1856,13-03-2023,Priya Singh,Notebook,Stationery,2,99
1857,04-04-2023,Neha Verma,Mouse,Electronics,1,499
1858,24-08-2023,Rohit Gupta,Smartphone,Electronics,2,15999
1859,06-04-2023,Rohit Gupta,Mouse,Electronics,4,499
1860,08-02-2023,Priya Singh,Smartphone,Electronics,5,15999
1861,03-04-2023,Priya Singh,Headphones,Electronics,3,1299
1862,05-10-2023,Anjali Chauhan,Laptop,Electronics,4,45999
1863,03-07-2023,Rahul Mehta,Marker,Stationery,5,35
1864,12-10-2023,Amit Sharma,Mouse,Electronics,1,499
1865,16-10-2023,Rahul Mehta,Headphones,Electronics,3,1299
1866,22-08-2023,Amit Sharma,Desk,Furniture,1,3499
1867,13-07-2023,Rohit Gupta,Headphones,Electronics,2,1299
1868,28-06-2023,Rohit Gupta,Pen,Stationery,1,20
1869,11-04-2023,Neha Verma,Chair,Furniture,5,1999
1870,02-12-2023,Priya Singh,Desk,Furniture,5,3499
1871,11-06-2023,Rohit Gupta,Smartphone,Electronics,2,15999
1872,04-03-2023,Priya Singh,Chair,Furniture,1,1999
1873,15-09-2023,Rahul Mehta,Smartphone,Electronics,3,15999
1874,22-05-2023,Anjali Chauhan,Mouse,Electronics,1,499
1875,05-11-2023,Priya Singh,Headphones,Electronics,4,1299
1876,09-07-2023,Neha Verma,Marker,Stationery,1,35
1877,18-02-2023,Neha Verma,Pen,Stationery,2,20
1878,18-11-2023,Rahul Mehta,Headphones,Electronics,5,1299
1879,14-05-2023,Amit Sharma,Mouse,Electronics,2,499
1880,12-03-2023,Neha Verma,Chair,Furniture,3,1999
1881,13-05-2023,Rahul Mehta,Laptop,Electronics,1,45999
1882,15-02-2023,Rahul Mehta,Headphones,Electronics,5,1299
1883,06-07-2023,Neha Verma,Laptop,Electronics,2,45999
1884,26-10-2023,Priya Singh,Pen,Stationery,1,20
1885,19-07-2023,Rahul Mehta,Printer,Electronics,2,8999
1886,18-10-2023,Rahul Mehta,Marker,Stationery,1,35
1887,24-11-2023,Amit Sharma,Headphones,Electronics,3,1299
1888,22-10-2023,Neha Verma,Laptop,Electronics,4,45999
1889,10-05-2023,Amit Sharma,Desk,Furniture,4,3499
1890,15-04-2023,Neha Verma,Smartphone,Electronics,3,15999
1891,30-09-2023,Rohit Gupta,Laptop,Electronics,3,45999
1892,26-09-2023,Rohit Gupta,Smartphone,Electronics,1,15999
1893,22-03-2023,Neha Verma,Mouse,Electronics,4,499
1894,27-08-2023,Neha Verma,Notebook,Stationery,2,99
1895,04-11-2023,Rohit Gupta,Mouse,Electronics,4,499
1896,19-10-2023,Rahul Mehta,Headphones,Electronics,4,1299
1897,01-05-2023,Anjali Chauhan,Mouse,Electronics,4,499
1898,03-01-2023,Rahul Mehta,Headphones,Electronics,4,1299
1899,13-07-2023,Priya Singh,Notebook,Stationery,2,99
1900,27-02-2023,Amit Sharma,Printer,Electronics,2,8999
1901,09-04-2023,Anjali Chauhan,Printer,Electronics,4,8999
1902,19-10-2023,Priya Singh,Laptop,Electronics,3,45999
1903,04-11-2023,Neha Verma,Smartphone,Electronics,3,15999
1904,13-08-2023,Priya Singh,Headphones,Electronics,2,1299
1905,22-06-2023,Priya Singh,Pen,Stationery,3,20
1906,26-06-2023,Anjali Chauhan,Printer,Electronics,5,8999
1907,30-10-2023,Amit Sharma,Desk,Furniture,2,3499
1908,08-07-2023,Rahul Mehta,Pen,Stationery,2,20
1909,08-05-2023,Neha Verma,Notebook,Stationery,2,99
1910,23-05-2023,Neha Verma,Printer,Electronics,5,8999
1911,03-08-2023,Neha Verma,Notebook,Stationery,5,99
1912,22-02-2023,Amit Sharma,Smartphone,Electronics,5,15999
1913,11-09-2023,Amit Sharma,Chair,Furniture,5,1999
1914,01-09-2023,Rahul Mehta,Laptop,Electronics,5,45999
1915,24-12-2023,Rohit Gupta,Chair,Furniture,2,1999
1916,24-04-2023,Anjali Chauhan,Mouse,Electronics,2,499
1917,06-11-2023,Neha Verma,Desk,Furniture,1,3499
1918,27-12-2023,Rohit Gupta,Headphones,Electronics,2,1299
1919,05-10-2023,Neha Verma,Desk,Furniture,2,3499
1920,26-06-2023,Rohit Gupta,Desk,Furniture,3,3499
1921,17-10-2023,Neha Verma,Chair,Furniture,1,1999
1922,26-10-2023,Rohit Gupta,Mouse,Electronics,4,499
1923,13-11-2023,Neha Verma,Laptop,Electronics,4,45999
1924,15-07-2023,Anjali Chauhan,Printer,Electronics,5,8999
1925,14-11-2023,Priya Singh,Marker,Stationery,5,35
1926,26-07-2023,Neha Verma,Notebook,Stationery,4,99
1927,13-04-2023,Neha Verma,Marker,Stationery,1,35
1928,10-08-2023,Anjali Chauhan,Pen,Stationery,5,20
1929,05-01-2023,Anjali Chauhan,Pen,Stationery,1,20
1930,06-11-2023,Priya Singh,Desk,Furniture,1,3499
1931,07-07-2023,Rohit Gupta,Mouse,Electronics,3,499
1932,09-05-2023,Priya Singh,Mouse,Electronics,4,499
1933,16-02-2023,Rohit Gupta,Pen,Stationery,5,20
1934,17-03-2023,Rahul Mehta,Marker,Stationery,1,35
1935,14-07-2023,Rohit Gupta,Desk,Furniture,1,3499
1936,11-10-2023,Rohit Gupta,Printer,Electronics,5,8999
1937,15-10-2023,Anjali Chauhan,Smartphone,Electronics,3,15999
1938,18-06-2023,Rohit Gupta,Pen,Stationery,3,20
1939,23-09-2023,Rahul Mehta,Mouse,Electronics,4,499
1940,14-12-2023,Rahul Mehta,Printer,Electronics,5,8999
1941,13-09-2023,Priya Singh,Mouse,Electronics,2,499
1942,02-01-2023,Amit Sharma,Notebook,Stationery,2,99
1943,26-12-2023,Anjali Chauhan,Marker,Stationery,3,35
1944,12-07-2023,Priya Singh,Smartphone,Electronics,5,15999
1945,17-10-2023,Rohit Gupta,Pen,Stationery,3,20
1946,30-08-2023,Amit Sharma,Chair,Furniture,4,1999
1947,29-08-2023,Amit Sharma,Notebook,Stationery,5,99
1948,22-05-2023,Neha Verma,Desk,Furniture,2,3499
1949,06-09-2023,Anjali Chauhan,Laptop,Electronics,5,45999
1950,22-09-2023,Neha Verma,Laptop,Electronics,2,45999
1951,28-02-2023,Rahul Mehta,Desk,Furniture,5,3499
1952,25-08-2023,Priya Singh,Notebook,Stationery,5,99
1953,28-03-2023,Rahul Mehta,Pen,Stationery,4,20
1954,21-12-2023,Priya Singh,Notebook,Stationery,2,99
1955,22-02-2023,Neha Verma,Headphones,Electronics,3,1299
1956,17-07-2023,Rahul Mehta,Marker,Stationery,2,35
1957,29-10-2023,Rahul Mehta,Headphones,Electronics,5,1299
1958,16-09-2023,Rahul Mehta,Pen,Stationery,5,20
1959,25-08-2023,Rahul Mehta,Chair,Furniture,1,1999
1960,09-08-2023,Amit Sharma,Smartphone,Electronics,3,15999
1961,05-05-2023,Anjali Chauhan,Headphones,Electronics,3,1299
1962,21-04-2023,Priya Singh,Headphones,Electronics,4,1299
1963,08-03-2023,Priya Singh,Pen,Stationery,5,20
1964,27-06-2023,Priya Singh,Chair,Furniture,4,1999
1965,27-07-2023,Rohit Gupta,Mouse,Electronics,4,499
1966,27-03-2023,Amit Sharma,Headphones,Electronics,2,1299
1967,08-01-2023,Rahul Mehta,Headphones,Electronics,2,1299
1968,18-03-2023,Amit Sharma,Headphones,Electronics,2,1299
1969,24-01-2023,Amit Sharma,Printer,Electronics,1,8999
1970,09-11-2023,Priya Singh,Notebook,Stationery,1,99
1971,25-10-2023,Neha Verma,Marker,Stationery,1,35
1972,08-10-2023,Rahul Mehta,Smartphone,Electronics,5,15999
1973,11-03-2023,Rohit Gupta,Chair,Furniture,2,1999
1974,11-11-2023,Rahul Mehta,Chair,Furniture,5,1999
1975,30-12-2023,Neha Verma,Headphones,Electronics,2,1299
1976,24-10-2023,Anjali Chauhan,Notebook,Stationery,4,99
1977,12-06-2023,Amit Sharma,Headphones,Electronics,4,1299
1978,27-12-2023,Anjali Chauhan,Headphones,Electronics,5,1299
1979,04-07-2023,Rohit Gupta,Chair,Furniture,2,1999
1980,24-10-2023,Amit Sharma,Mouse,Electronics,5,499
1981,23-05-2023,Amit Sharma,Mouse,Electronics,5,499
1982,23-04-2023,Priya Singh,Desk,Furniture,5,3499
1983,10-12-2023,Anjali Chauhan,Marker,Stationery,3,35
1984,30-09-2023,Anjali Chauhan,Laptop,Electronics,2,45999
1985,05-07-2023,Neha Verma,Printer,Electronics,4,8999
1986,22-07-2023,Rahul Mehta,Desk,Furniture,2,3499
1987,07-09-2023,Amit Sharma,Chair,Furniture,5,1999
1988,29-05-2023,Neha Verma,Marker,Stationery,3,35
1989,26-05-2023,Rahul Mehta,Printer,Electronics,1,8999
1990,29-10-2023,Rahul Mehta,Printer,Electronics,4,8999
1991,20-12-2023,Anjali Chauhan,Pen,Stationery,2,20
1992,23-03-2023,Rohit Gupta,Mouse,Electronics,3,499
1993,14-08-2023,Anjali Chauhan,Smartphone,Electronics,5,15999
1994,12-09-2023,Rahul Mehta,Laptop,Electronics,5,45999
1995,13-08-2023,Priya Singh,Chair,Furniture,2,1999
1996,05-02-2023,Rahul Mehta,Chair,Furniture,4,1999
1997,04-07-2023,Rohit Gupta,Pen,Stationery,2,20
1998,01-10-2023,Rahul Mehta,Headphones,Electronics,2,1299
1999,29-07-2023,Priya Singh,Notebook,Stationery,5,99
2000,31-08-2023,Rohit Gupta,Laptop,Electronics,4,45999
